"","eigenvalue","variance.percent","cumulative.variance.percent"
"Dim.1",261.86256517895,82.0885784260032,82.0885784260032
"Dim.2",20.3798490412536,6.38866741105129,88.4772458370545
"Dim.3",13.7844462220835,4.32114301632711,92.7983888533816
"Dim.4",12.368964682081,3.87741839563668,96.6758072490183
"Dim.5",10.6041748756317,3.32419275098173,100
