"","eigenvalue","variance.percent","cumulative.variance.percent"
"Dim.1",218.587518107403,90.7002149823249,90.7002149823249
"Dim.2",11.3056109170184,4.69112486183337,95.3913398441583
"Dim.3",4.52411992455704,1.8772281844635,97.2685680286218
"Dim.4",3.94896336588157,1.63857401073924,98.907142039361
"Dim.5",2.63378768514,1.092857960639,100
