"","eigenvalue","variance.percent","cumulative.variance.percent"
"Dim.1",3542.36759673045,51.035406954768,51.035406954768
"Dim.2",1180.49467965244,17.0075591363267,68.0429660910948
"Dim.3",864.741705671093,12.4584599578028,80.5014260488976
"Dim.4",748.103890479165,10.7780419316981,91.2794679805957
"Dim.5",605.292127466855,8.72053201940433,100
