"","eigenvalue","variance.percent","cumulative.variance.percent"
"Dim.1",3565.37127642881,50.2944177800651,50.2944177800651
"Dim.2",1214.07589128892,17.126193980659,67.4206117607241
"Dim.3",897.429287341237,12.6594623690399,80.080074129764
"Dim.4",775.91142693342,10.9452874443987,91.0253615741626
"Dim.5",636.212118007612,8.97463842583738,100
