"","eigenvalue","variance.percent","cumulative.variance.percent"
"Dim.1",255.707182763215,84.9525524130284,84.9525524130284
"Dim.2",16.6272160056739,5.52399202846308,90.4765444414915
"Dim.3",10.999056665443,3.65417164964883,94.1307160911403
"Dim.4",10.0986375076597,3.3550290723122,97.4857451634525
"Dim.5",7.56790705800803,2.51425483654752,100
