"","ID","Description","GeneRatio","BgRatio","pvalue","p.adjust","qvalue","geneID","Count"
"hsa05034","hsa05034","Alcoholism","31/502","180/7470",9.13492584026677e-07,0.000278615238128136,0.000267316777220438,"111/116443/2788/2903/3017/3020/3021/3066/3845/5499/7054/8339/8343/8344/8346/8347/8350/8351/8352/8353/8354/8355/8356/8357/8358/84254/8968/90993/94239/9555/9734",31
"hsa05322","hsa05322","Systemic lupus erythematosus","22/502","133/7470",6.69905440679107e-05,0.0102160579703564,0.00980177434256798,"2903/3017/3020/3021/731/8339/8343/8344/8346/8347/8350/8351/8352/8353/8354/8355/8356/8357/8358/8968/94239/9555",22
"hsa05205","hsa05205","Proteoglycans in cancer","28/502","201/7470",0.000167971604842327,0.0170771131589699,0.0163845986477779,"1499/2017/2064/22800/3059/3091/3339/3480/3481/3593/3685/3693/3845/4193/4318/4660/54776/5499/5578/5579/5600/6199/7023/7040/7477/81029/84309/960",28
"hsa05202","hsa05202","Transcriptional misregulation in cancer","25/502","186/7470",0.000641377763138654,0.0418767260262234,0.0401785326498365,"2313/2321/3020/3021/3066/3480/3684/4193/4318/5079/6692/7704/7850/8350/8351/8352/8353/8354/8355/8356/8357/8358/8938/8968/929",25
"hsa04727","hsa04727","GABAergic synapse","15/502","88/7470",0.000686503705347925,0.0418767260262234,0.0401785326498365,"108/111/113/11337/11345/2555/2563/2565/2788/5578/5579/6529/776/779/9001",15
