"","group","lib.size","norm.factors","normalized.lib.size"
"SRR3396381","amphotericin_B",19902606,0.995015020239352,19803391.9119059
"SRR3396382","amphotericin_B",22632767,1.0031846372255,22704844.1523042
"SRR3396384","amphotericin_B",23880244,1.0069485283339,24046176.5520544
"SRR3396385","control",22405709,1.0116579725012,22666914.1393918
"SRR3396386","control",24577537,1.00091892755889,24600121.976079
"SRR3396387","control",23709875,0.982538572117243,23295866.7275783
