"","eigenvalue","variance.percent","cumulative.variance.percent"
"Dim.1",3562.61236487906,50.2696820217167,50.2696820217167
"Dim.2",1203.36332364191,16.9798691074066,67.2495511291233
"Dim.3",893.536747655721,12.6081098864925,79.8576610156158
"Dim.4",784.166492663012,11.0648580875266,90.9225191031424
"Dim.5",643.321071160296,9.07748089685757,100
